,k,mean_stability,ci_lower,ci_upper
0,1,1.0,1.0,1.0
1,2,0.7214626315245376,0.6846846846846847,0.7832632743362832
2,3,0.5516953869468563,0.5193766937669377,0.5820317383151608
3,4,0.4630334452623924,0.4327151738290681,0.48642813267813273
4,5,0.3926024421831111,0.36747556752597155,0.4145956316410862
5,6,0.3398140216430978,0.32107240183327135,0.35790241737913103
6,7,0.2973948634636998,0.27594627594627597,0.31395558223289316
7,8,0.2656583019857862,0.2527754786597527,0.2801339285714286
8,9,0.24079696793950206,0.22523732161060142,0.25322154171585987
